model,task,feature_mode,val_acc,val_f1_macro,val_f1_weighted,test_acc,test_f1_macro,test_f1_weighted,val_f1_positive,test_f1_positive
Logistic Regression,6class,hybrid,0.2734,0.2774,0.2729,0.2611,0.2557,0.2589,,
Linear SVM,6class,hybrid,0.2461,0.2492,0.2462,0.2424,0.2425,0.2422,,
SGD Classifier,6class,hybrid,0.2282,0.2315,0.2273,0.233,0.232,0.2317,,
Multinomial Naive Bayes,6class,hybrid,0.2882,0.2886,0.2821,0.2837,0.2773,0.2763,,
Random Forest,6class,hybrid,0.2905,0.2548,0.2557,0.2502,0.2106,0.2136,,
Extra Trees,6class,hybrid,0.2687,0.2474,0.2442,0.2588,0.2186,0.2249,,
Logistic Regression,6class,metadata_only,0.2586,0.2616,0.2544,0.2751,0.2704,0.2692,,
Linear SVM,6class,metadata_only,0.2547,0.2591,0.251,0.2712,0.2663,0.2643,,
SGD Classifier,6class,metadata_only,0.2251,0.231,0.2194,0.2229,0.2204,0.2134,,
Multinomial Naive Bayes,6class,metadata_only,0.2593,0.2636,0.255,0.2362,0.2351,0.2293,,
Random Forest,6class,metadata_only,0.2695,0.2694,0.2654,0.244,0.2349,0.2339,,
Extra Trees,6class,metadata_only,0.2656,0.2658,0.2615,0.2416,0.2329,0.2326,,
Logistic Regression,6class,text_only,0.2383,0.2212,0.2321,0.2432,0.2151,0.2356,,
Linear SVM,6class,text_only,0.2274,0.2223,0.2269,0.2369,0.226,0.2365,,
SGD Classifier,6class,text_only,0.2259,0.2218,0.2257,0.2354,0.2235,0.2348,,
Multinomial Naive Bayes,6class,text_only,0.2375,0.1978,0.2192,0.2393,0.1984,0.2241,,
Random Forest,6class,text_only,0.2298,0.159,0.1827,0.2065,0.1327,0.156,,
Extra Trees,6class,text_only,0.215,0.1457,0.1651,0.2175,0.1335,0.1531,,
Logistic Regression,binary,hybrid,0.6347,0.6265,0.6287,0.6477,0.6307,0.6413,0.682,0.7099
Linear SVM,binary,hybrid,0.6106,0.608,0.6093,0.629,0.6191,0.6273,0.6398,0.6805
SGD Classifier,binary,hybrid,0.6129,0.6128,0.6131,0.6228,0.618,0.6237,0.6209,0.6606
Multinomial Naive Bayes,binary,hybrid,0.6269,0.6208,0.6228,0.661,0.6487,0.6574,0.669,0.7144
Random Forest,binary,hybrid,0.6129,0.5725,0.5778,0.6306,0.5719,0.593,0.704,0.7304
Extra Trees,binary,hybrid,0.6051,0.5529,0.5591,0.6243,0.5452,0.5705,0.7057,0.7349
Logistic Regression,binary,metadata_only,0.6067,0.5905,0.5938,0.6485,0.6264,0.6385,0.6719,0.7172
Linear SVM,binary,metadata_only,0.5989,0.5819,0.5853,0.6454,0.6234,0.6355,0.6662,0.7144
SGD Classifier,binary,metadata_only,0.5413,0.4965,0.5026,0.5713,0.4956,0.5217,0.6467,0.691
Multinomial Naive Bayes,binary,metadata_only,0.6005,0.592,0.5944,0.6345,0.6198,0.6297,0.6508,0.6945
Random Forest,binary,metadata_only,0.6238,0.6038,0.6074,0.6235,0.5869,0.6033,0.6929,0.7099
Extra Trees,binary,metadata_only,0.6176,0.5951,0.5989,0.6251,0.5801,0.5984,0.6906,0.7176
Logistic Regression,binary,text_only,0.6199,0.6103,0.6128,0.6142,0.5906,0.6037,0.6716,0.6889
Linear SVM,binary,text_only,0.5631,0.56,0.5615,0.6041,0.591,0.6008,0.5967,0.664
SGD Classifier,binary,text_only,0.56,0.5576,0.5589,0.6017,0.5892,0.5988,0.5897,0.6609
Multinomial Naive Bayes,binary,text_only,0.6145,0.6006,0.6037,0.6087,0.5797,0.5944,0.675,0.6901
Random Forest,binary,text_only,0.5779,0.4951,0.5033,0.5939,0.4783,0.511,0.6996,0.7239
Extra Trees,binary,text_only,0.5498,0.4354,0.4457,0.5931,0.4532,0.4901,0.6896,0.7298
